method,rank,pseudo_predicted_class,count,share
Scratch,1,535,119,0.119
Scratch,2,209,100,0.1
Scratch,3,204,99,0.099
Scratch,4,545,64,0.064
Scratch,5,67,53,0.053
Scratch,6,775,49,0.049
Scratch,7,381,33,0.033
Scratch,8,394,31,0.031
Scratch,9,298,31,0.031
Scratch,10,210,29,0.029
Warm-start,1,535,161,0.161
Warm-start,2,204,113,0.113
Warm-start,3,209,109,0.109
Warm-start,4,545,85,0.085
Warm-start,5,775,53,0.053
Warm-start,6,67,49,0.049
Warm-start,7,210,33,0.033
Warm-start,8,381,32,0.032
Warm-start,9,298,26,0.026
Warm-start,10,394,25,0.025
